duration,name,n,mean_dps,mean_damage,sem,seeds,blightfall_count,delta_pct,ci95_half_pct
300,default,9000,272252.477032687,81675743.10980608,107.19962364338328,"[61001, 61002, 61003]",7.0,0.0,0
300,boundary_small0,9000,273916.6097497852,82174982.9249356,108.68208542155078,"[61001, 61002, 61003]",7.0,0.6112461253744428,0.10989939986012771
300,boundary_small1,9000,273901.871567844,82170561.47035334,109.64075195366283,"[61001, 61002, 61003]",7.0,0.60583270100385,0.11039182249009867
300,fine_small5,9000,273307.46349221177,81992239.04766344,108.42178674915252,"[61001, 61002, 61003]",7.0,0.3875029792284046,0.10976606423440642
180,default,3000,265919.90570208395,47865583.02637499,223.3690414156236,[62001],4.0,0.0,0
180,fine_small5,3000,268446.5805512711,48320384.4992288,238.49852709261816,[62001],4.0,0.9501638632565701,0.24084663048421254
180,boundary_small1,3000,268814.6081938766,48386629.47489797,230.8725050721537,[62001],4.0,1.0885617923750424,0.23677526059168325
180,boundary_small0,3000,269102.65856270597,48438478.54128712,240.4541110742098,[62001],4.0,1.196884021231459,0.24190067663759232
450,default,3000,260051.71632468485,117023272.3461082,145.3052979406066,[63001],10.0,0.0,0
450,fine_small5,3000,261281.5745900961,117576708.56554341,149.37717886090525,[63001],10.0,0.47292834009822204,0.15706416766786385
450,boundary_small1,3000,261697.85422637692,117764034.40186927,154.043419931647,[63001],10.0,0.6330040520235558,0.15960397371986404
450,boundary_small0,3000,261749.38323083674,117787222.45387636,153.06681537506367,[63001],10.0,0.6528189585306432,0.15906933545250623
